timestamp,sound,decibels
2024-12-17 16:54:49,146,14.0
2024-12-17 16:54:50,138,13.0
2024-12-17 16:54:52,147,14.0
2024-12-17 16:54:53,145,14.0
2024-12-17 16:54:55,140,13.0
2024-12-17 16:54:56,62,6.0
2024-12-17 16:54:58,148,14.0
2024-12-17 16:54:59,148,14.0
2024-12-17 16:55:01,55,5.0
2024-12-17 16:55:02,151,14.0
2024-12-17 16:55:04,57,5.0
2024-12-17 16:55:05,147,14.0
2024-12-17 16:55:07,151,14.0
2024-12-17 16:55:09,149,14.0
2024-12-17 16:55:10,54,5.0
2024-12-17 16:55:12,145,14.0
2024-12-17 16:55:13,58,5.0
2024-12-17 16:55:15,155,15.0
2024-12-17 16:55:16,59,5.0
2024-12-17 16:55:18,155,15.0
2024-12-17 16:55:19,57,5.0
2024-12-17 16:55:21,153,14.0
2024-12-17 16:55:22,52,5.0
2024-12-17 16:55:23,148,14.0
2024-12-17 16:55:25,50,4.0
2024-12-17 16:55:26,149,14.0
2024-12-17 16:55:28,52,5.0
2024-12-17 16:55:29,159,15.0
2024-12-17 16:55:31,435,42.0
2024-12-17 16:55:32,150,14.0
2024-12-17 16:55:34,53,5.0
2024-12-17 16:55:35,153,14.0
2024-12-17 16:55:37,50,4.0
2024-12-17 16:55:38,147,14.0
2024-12-17 16:55:40,148,14.0
2024-12-17 16:55:42,144,14.0
2024-12-17 16:55:43,53,5.0
2024-12-17 16:55:45,149,14.0
2024-12-17 16:55:46,53,5.0
2024-12-17 16:55:48,151,14.0
2024-12-17 16:55:49,63,6.0
2024-12-17 16:55:51,156,15.0
2024-12-17 16:55:52,82,8.0
2024-12-17 16:55:54,158,15.0
2024-12-17 16:55:55,63,6.0
2025-01-07 12:36:00,51,4.0
2025-01-07 12:36:01,53,5.0
2025-01-07 12:36:02,39,3.0
2025-01-07 12:36:04,47,4.0
2025-01-07 12:36:05,133,13.0
2025-01-07 12:36:06,127,12.0
2025-01-07 12:36:07,45,4.0
2025-01-07 12:36:08,40,3.0
2025-01-07 12:36:09,132,12.0
2025-01-07 12:36:11,127,12.0
2025-01-07 12:36:12,50,4.0
2025-01-07 12:36:13,50,4.0
2025-01-07 12:36:14,48,4.0
2025-01-07 12:36:15,45,4.0
2025-01-07 12:36:17,50,4.0
2025-01-07 12:36:18,39,3.0
2025-01-07 12:36:19,59,5.0
2025-01-07 12:36:20,41,4.0
2025-01-07 12:36:21,124,12.0
2025-01-07 12:36:23,57,5.0
2025-01-07 12:36:24,39,3.0
2025-01-07 12:36:25,271,26.0
2025-01-07 12:36:26,38,3.0
2025-01-07 12:36:27,131,12.0
2025-01-07 12:36:28,39,3.0
2025-01-07 12:36:30,52,5.0
2025-01-07 12:36:31,62,6.0
2025-01-07 12:36:32,40,3.0
2025-01-07 12:36:33,58,5.0
2025-01-07 12:36:34,130,12.0
2025-01-07 12:36:36,49,4.0
2025-01-07 12:36:37,56,5.0
2025-01-07 12:36:38,38,3.0
2025-01-07 12:36:39,57,5.0
2025-01-07 12:36:40,38,3.0
2025-01-07 12:36:42,39,3.0
2025-01-07 12:36:43,65,6.0
2025-01-07 12:36:44,39,3.0
2025-01-07 12:36:45,55,5.0
2025-01-07 12:36:46,42,4.0
2025-01-07 12:36:47,40,3.0
2025-01-07 12:36:49,68,6.0
2025-01-07 12:36:50,43,4.0
2025-01-07 12:36:51,54,5.0
2025-01-07 12:36:52,51,4.0
2025-01-07 12:36:53,39,3.0
2025-01-07 12:36:55,56,5.0
2025-01-07 12:36:56,39,3.0
2025-01-07 12:36:57,67,6.0
2025-01-07 12:36:58,54,5.0
2025-01-07 12:36:59,133,13.0
2025-01-07 12:37:01,54,5.0
2025-01-07 12:37:02,133,13.0
2025-01-07 12:37:03,55,5.0
2025-01-07 12:37:04,55,5.0
2025-01-07 12:37:05,44,4.0
2025-01-07 12:37:06,54,5.0
2025-01-07 12:37:08,39,3.0
2025-01-07 12:37:09,132,12.0
2025-01-07 12:37:10,52,5.0
2025-01-07 12:37:11,39,3.0
2025-01-07 12:37:12,65,6.0
2025-01-07 12:37:14,40,3.0
2025-01-07 12:37:15,56,5.0
2025-01-07 12:37:16,50,4.0
2025-01-07 12:37:17,42,4.0
2025-01-07 12:37:18,54,5.0
2025-01-07 12:37:20,39,3.0
2025-01-07 12:37:21,47,4.0
2025-01-07 12:37:22,63,6.0
2025-01-07 12:37:23,38,3.0
2025-01-07 12:37:24,61,5.0
2025-01-07 12:37:26,44,4.0
2025-01-07 12:37:27,42,4.0
2025-01-07 12:37:28,50,4.0
2025-01-07 12:37:29,39,3.0
2025-01-07 12:37:30,58,5.0
2025-01-07 12:37:31,53,5.0
2025-01-07 12:37:33,41,4.0
2025-01-07 12:37:34,44,4.0
2025-01-07 12:37:35,41,4.0
2025-01-07 12:37:36,39,3.0
2025-01-07 12:37:37,61,5.0
2025-01-07 12:37:39,40,3.0
2025-01-07 12:37:40,48,4.0
2025-01-07 12:37:41,39,3.0
2025-01-07 12:37:42,51,4.0
2025-01-07 12:37:43,43,4.0
2025-01-07 12:37:45,39,3.0
2025-01-07 12:37:46,56,5.0
2025-01-07 12:37:47,42,4.0
2025-01-07 12:37:48,45,4.0
2025-01-07 12:37:49,132,12.0
2025-01-07 12:37:50,55,5.0
2025-01-07 12:37:52,55,5.0
2025-01-07 12:37:53,38,3.0
2025-01-07 12:37:54,52,5.0
2025-01-07 12:37:55,41,4.0
2025-01-07 12:37:56,59,5.0
2025-01-07 12:37:58,39,3.0
2025-01-07 12:37:59,40,3.0
2025-01-07 12:38:00,55,5.0
2025-01-07 12:38:01,38,3.0
2025-01-07 12:38:02,39,3.0
2025-01-07 12:38:04,47,4.0
2025-01-07 12:38:05,40,3.0
2025-01-07 12:38:06,49,4.0
2025-01-07 12:38:07,39,3.0
2025-01-07 12:38:08,49,4.0
2025-01-07 12:38:09,48,4.0
2025-01-07 12:38:11,39,3.0
2025-01-07 12:38:12,50,4.0
2025-01-07 12:38:13,38,3.0
2025-01-07 12:38:14,54,5.0
2025-01-07 12:38:15,41,4.0
2025-01-07 12:38:17,60,5.0
2025-01-07 12:38:18,43,4.0
2025-01-07 12:38:19,39,3.0
2025-01-07 12:38:20,45,4.0
2025-01-07 12:38:21,38,3.0
2025-01-07 12:38:22,53,5.0
2025-01-07 12:38:24,793,77.0
2025-01-07 12:38:25,133,13.0
2025-01-07 12:38:26,59,5.0
2025-01-07 12:38:27,41,4.0
2025-01-07 12:38:28,49,4.0
2025-01-07 12:38:30,50,4.0
2025-01-07 12:38:31,38,3.0
2025-01-07 12:38:33,38,3.0
2025-01-07 12:38:34,38,3.0
2025-01-07 12:38:35,47,4.0
2025-01-07 12:38:36,44,4.0
2025-01-07 12:38:37,67,6.0
2025-01-07 12:38:39,46,4.0
2025-01-07 12:38:40,40,3.0
2025-01-07 12:38:41,52,5.0
2025-01-07 12:38:42,40,3.0
2025-01-07 12:38:43,38,3.0
2025-01-07 12:38:44,61,5.0
2025-01-07 12:38:46,39,3.0
2025-01-07 12:38:47,48,4.0
2025-01-07 12:38:48,37,3.0
2025-01-07 12:38:49,38,3.0
2025-01-07 12:38:50,52,5.0
2025-01-07 12:38:52,40,3.0
2025-01-07 12:38:53,42,4.0
2025-01-07 12:38:54,57,5.0
2025-01-07 12:38:55,37,3.0
2025-01-07 12:38:56,62,6.0
2025-01-07 12:38:58,61,5.0
2025-01-07 12:38:59,40,3.0
2025-01-07 12:39:00,50,4.0
2025-01-07 12:39:01,38,3.0
2025-01-07 12:39:02,51,4.0
2025-01-07 12:39:04,37,3.0
2025-01-07 12:39:05,40,3.0
2025-01-07 12:39:06,47,4.0
2025-01-07 12:39:07,42,4.0
2025-01-07 12:39:08,44,4.0
2025-01-07 12:39:09,52,5.0
2025-01-07 12:39:11,38,3.0
2025-01-07 12:39:12,52,5.0
2025-01-07 12:39:13,40,3.0
2025-01-07 12:39:14,38,3.0
2025-01-07 12:39:15,44,4.0
2025-01-07 12:39:17,39,3.0
2025-01-07 12:39:18,48,4.0
2025-01-07 12:39:19,52,5.0
2025-01-07 12:39:20,39,3.0
2025-01-07 12:39:21,42,4.0
2025-01-07 12:39:23,39,3.0
2025-01-07 12:39:24,61,5.0
2025-01-07 12:39:25,63,6.0
2025-01-07 12:39:26,38,3.0
2025-01-07 12:39:27,48,4.0
2025-01-07 12:39:29,56,5.0
2025-01-07 12:39:30,38,3.0
2025-01-07 12:39:31,59,5.0
2025-01-07 12:39:32,38,3.0
2025-01-07 12:39:33,39,3.0
2025-01-07 12:39:34,50,4.0
2025-01-07 12:39:36,39,3.0
2025-01-07 12:39:37,51,4.0
2025-01-07 12:39:38,38,3.0
2025-01-07 12:39:39,45,4.0
2025-01-07 12:39:40,57,5.0
2025-01-07 12:39:42,37,3.0
2025-01-07 12:39:43,50,4.0
2025-01-07 12:39:44,39,3.0
2025-01-07 12:39:45,40,3.0
2025-01-07 12:39:46,49,4.0
2025-01-07 12:39:48,39,3.0
2025-01-07 12:39:49,50,4.0
2025-01-07 12:39:50,45,4.0
2025-01-07 12:39:51,38,3.0
2025-01-07 12:39:52,51,4.0
2025-01-07 12:39:53,38,3.0
2025-01-07 12:39:55,66,6.0
2025-01-07 12:39:56,40,3.0
2025-01-07 12:39:57,38,3.0
2025-01-07 12:39:58,43,4.0
2025-01-07 12:39:59,39,3.0
2025-01-07 12:40:01,44,4.0
2025-01-07 12:40:02,52,5.0
2025-01-07 12:40:03,43,4.0
2025-01-07 12:40:04,51,4.0
2025-01-07 12:40:05,40,3.0
2025-01-07 12:40:07,48,4.0
2025-01-07 12:40:08,40,3.0
2025-01-07 12:40:09,39,3.0
2025-01-07 12:40:10,54,5.0
2025-01-07 12:40:11,38,3.0
2025-01-07 12:40:12,41,4.0
2025-01-07 12:40:14,64,6.0
2025-01-07 12:40:15,38,3.0
2025-01-07 12:40:16,55,5.0
2025-01-07 12:40:17,40,3.0
2025-01-07 12:40:18,41,4.0
2025-01-07 12:40:20,52,5.0
2025-01-07 12:40:21,41,4.0
2025-01-07 12:40:22,52,5.0
2025-01-07 12:40:23,40,3.0
2025-01-07 12:40:24,52,5.0
2025-01-07 12:40:26,39,3.0
2025-01-07 12:40:27,40,3.0
2025-01-07 12:40:28,48,4.0
2025-01-07 12:40:29,39,3.0
2025-01-07 12:40:30,58,5.0
2025-01-07 12:40:31,56,5.0
2025-01-07 12:40:33,39,3.0
2025-01-07 12:40:34,41,4.0
2025-01-07 12:40:35,39,3.0
2025-01-07 12:40:36,41,4.0
2025-01-07 12:40:37,53,5.0
2025-01-07 12:40:39,39,3.0
2025-01-07 12:40:40,58,5.0
2025-01-07 12:40:41,38,3.0
2025-01-07 12:40:42,39,3.0
2025-01-07 12:40:43,55,5.0
2025-01-07 12:40:45,39,3.0
2025-01-07 12:40:46,59,5.0
2025-01-07 12:40:47,46,4.0
2025-01-07 12:40:48,40,3.0
2025-01-07 12:40:49,61,5.0
2025-01-07 12:40:50,38,3.0
2025-01-07 12:40:52,62,6.0
2025-01-07 12:40:53,50,4.0
2025-01-07 12:40:54,39,3.0
2025-01-07 12:40:55,51,4.0
2025-01-07 12:40:56,41,4.0
2025-01-07 12:40:58,46,4.0
2025-01-07 12:40:59,50,4.0
2025-01-07 12:41:00,39,3.0
2025-01-07 12:41:02,49,4.0
2025-01-07 12:41:03,43,4.0
2025-01-07 12:41:04,39,3.0
2025-01-07 12:41:05,42,4.0
2025-01-07 12:41:06,38,3.0
2025-01-07 12:41:08,54,5.0
2025-01-07 12:41:09,41,4.0
2025-01-07 12:41:10,39,3.0
2025-01-07 12:41:11,50,4.0
2025-01-07 12:41:12,38,3.0
2025-01-07 12:41:13,60,5.0
2025-01-07 12:41:15,40,3.0
2025-01-07 12:41:16,40,3.0
2025-01-07 12:41:17,59,5.0
2025-01-07 12:41:18,39,3.0
2025-01-07 12:41:19,58,5.0
2025-01-07 12:41:21,37,3.0
2025-01-07 12:41:22,43,4.0
2025-01-07 12:41:23,48,4.0
2025-01-07 12:41:24,38,3.0
2025-01-07 12:41:25,47,4.0
2025-01-07 12:41:27,39,3.0
2025-01-07 12:41:28,60,5.0
2025-01-07 12:41:29,38,3.0
2025-01-07 12:41:30,38,3.0
2025-01-07 12:41:31,56,5.0
2025-01-07 12:41:32,39,3.0
2025-01-07 12:41:34,50,4.0
2025-01-07 12:41:35,53,5.0
2025-01-07 12:41:36,41,4.0
2025-01-07 12:41:37,56,5.0
2025-01-07 12:41:38,39,3.0
2025-01-07 12:41:40,65,6.0
2025-01-07 12:41:41,47,4.0
2025-01-07 12:41:42,51,4.0
2025-01-07 12:41:43,45,4.0
2025-01-07 12:41:44,37,3.0
2025-01-07 12:41:46,51,4.0
2025-01-07 12:41:47,58,5.0
2025-01-07 12:41:48,39,3.0
2025-01-07 12:41:49,47,4.0
2025-01-07 12:41:50,38,3.0
2025-01-07 12:41:52,41,4.0
2025-01-07 12:41:53,52,5.0
2025-01-07 12:41:54,40,3.0
2025-01-07 12:41:55,50,4.0
2025-01-07 12:41:57,39,3.0
2025-01-07 12:41:58,46,4.0
2025-01-07 12:41:59,38,3.0
2025-01-07 12:42:00,50,4.0
2025-01-07 12:42:01,40,3.0
2025-01-07 12:42:03,38,3.0
2025-01-07 12:42:05,54,5.0
2025-01-07 12:42:06,40,3.0
2025-01-07 12:42:07,47,4.0
2025-01-07 12:42:09,39,3.0
2025-01-07 12:42:10,47,4.0
2025-01-07 12:42:11,60,5.0
2025-01-07 12:42:12,39,3.0
2025-01-07 12:42:13,54,5.0
2025-01-07 12:42:14,39,3.0
2025-01-07 12:42:16,64,6.0
2025-01-07 12:42:17,38,3.0
2025-01-07 12:42:18,39,3.0
2025-01-07 12:42:19,51,4.0
2025-01-07 12:42:20,38,3.0
2025-01-07 12:42:22,55,5.0
2025-01-07 12:42:23,51,4.0
2025-01-07 12:42:24,40,3.0
2025-01-07 12:42:25,52,5.0
2025-01-07 12:42:26,38,3.0
2025-01-07 12:42:28,59,5.0
2025-01-07 12:42:29,50,4.0
2025-01-07 12:42:30,39,3.0
2025-01-07 12:42:31,62,6.0
2025-01-07 12:42:32,39,3.0
2025-01-07 12:42:33,41,4.0
2025-01-07 12:42:35,40,3.0
2025-01-07 12:42:36,54,5.0
2025-01-07 12:42:37,58,5.0
2025-01-07 12:42:38,38,3.0
2025-01-07 12:42:39,52,5.0
2025-01-07 12:42:41,39,3.0
2025-01-07 12:42:42,40,3.0
2025-01-07 12:42:43,49,4.0
2025-01-07 12:42:44,39,3.0
2025-01-07 12:42:45,52,5.0
2025-01-07 12:42:47,59,5.0
2025-01-07 12:42:48,40,3.0
2025-01-07 12:42:49,47,4.0
2025-01-07 12:42:50,38,3.0
2025-01-07 12:42:51,38,3.0
2025-01-07 12:42:53,58,5.0
2025-01-07 12:42:54,38,3.0
2025-01-07 12:42:55,49,4.0
2025-01-07 12:42:56,39,3.0
2025-01-07 12:42:57,38,3.0
2025-01-07 12:42:58,45,4.0
2025-01-07 12:43:00,40,3.0
2025-01-07 12:43:01,55,5.0
2025-01-07 12:43:02,39,3.0
2025-01-07 12:43:03,57,5.0
2025-01-07 12:43:04,57,5.0
2025-01-07 12:43:06,40,3.0
2025-01-07 12:43:07,60,5.0
2025-01-07 12:43:08,47,4.0
2025-01-07 12:43:09,40,3.0
2025-01-07 12:43:11,51,4.0
2025-01-07 12:43:12,39,3.0
2025-01-07 12:43:13,55,5.0
2025-01-07 12:43:14,54,5.0
2025-01-07 12:43:15,39,3.0
2025-01-07 12:43:17,46,4.0
2025-01-07 12:43:18,38,3.0
2025-01-07 12:43:19,54,5.0
2025-01-07 12:43:21,38,3.0
2025-01-07 12:43:22,39,3.0
2025-01-07 12:43:23,51,4.0
2025-01-07 12:43:24,38,3.0
2025-01-07 12:43:25,58,5.0
2025-01-07 12:43:27,64,6.0
2025-01-07 12:43:28,39,3.0
2025-01-07 12:43:29,49,4.0
2025-01-07 12:43:30,38,3.0
2025-01-07 12:43:31,44,4.0
2025-01-07 12:43:33,52,5.0
2025-01-07 12:43:34,39,3.0
2025-01-07 12:43:35,61,5.0
2025-01-07 12:43:36,39,3.0
2025-01-07 12:43:37,39,3.0
2025-01-07 12:43:38,62,6.0
2025-01-07 12:43:40,39,3.0
2025-01-07 12:43:41,50,4.0
2025-01-07 12:43:42,40,3.0
2025-01-07 12:43:43,39,3.0
2025-01-07 12:43:44,54,5.0
2025-01-07 12:43:46,40,3.0
2025-01-07 12:43:47,47,4.0
2025-01-07 12:43:48,38,3.0
2025-01-07 12:43:49,49,4.0
2025-01-07 12:43:50,51,4.0
2025-01-07 12:43:52,38,3.0
2025-01-07 12:43:53,55,5.0
2025-01-07 12:43:54,39,3.0
2025-01-07 12:43:55,60,5.0
2025-01-07 12:43:56,49,4.0
2025-01-07 12:43:57,39,3.0
2025-01-07 12:43:59,58,5.0
2025-01-07 12:44:00,39,3.0
2025-01-07 12:44:01,54,5.0
2025-01-07 12:44:02,53,5.0
2025-01-07 12:44:03,38,3.0
2025-01-07 12:44:05,66,6.0
2025-01-07 12:44:06,38,3.0
2025-01-07 12:44:07,51,4.0
2025-01-07 12:44:08,45,4.0
2025-01-07 12:44:09,40,3.0
2025-01-07 12:44:11,52,5.0
2025-01-07 12:44:12,40,3.0
2025-01-07 12:44:13,53,5.0
2025-01-07 12:44:14,40,3.0
2025-01-07 12:44:16,53,5.0
2025-01-07 12:44:17,38,3.0
2025-01-07 12:44:18,40,3.0
2025-01-07 12:44:19,51,4.0
2025-01-07 12:44:20,38,3.0
2025-01-07 12:44:22,38,3.0
2025-01-07 12:44:23,49,4.0
2025-01-07 12:44:24,39,3.0
2025-01-07 12:44:25,53,5.0
2025-01-07 12:44:26,38,3.0
2025-01-07 12:44:28,42,4.0
2025-01-07 12:44:29,48,4.0
2025-01-07 12:44:30,40,3.0
2025-01-07 12:44:31,54,5.0
2025-01-07 12:44:32,39,3.0
2025-01-07 12:44:33,62,6.0
2025-01-07 12:44:35,39,3.0
2025-01-07 12:44:36,49,4.0
2025-01-07 12:44:37,38,3.0
2025-01-07 12:44:38,58,5.0
2025-01-07 12:44:39,64,6.0
2025-01-07 12:44:41,39,3.0
2025-01-07 12:44:42,51,4.0
2025-01-07 12:44:43,40,3.0
2025-01-07 12:44:44,51,4.0
2025-01-07 12:44:45,40,3.0
2025-01-07 12:44:47,40,3.0
2025-01-07 12:44:48,43,4.0
2025-01-07 12:44:49,39,3.0
2025-01-07 12:44:50,60,5.0
2025-01-07 12:44:51,49,4.0
2025-01-07 12:44:52,39,3.0
2025-01-07 12:44:54,64,6.0
2025-01-07 12:44:55,39,3.0
2025-01-07 12:44:56,37,3.0
2025-01-07 12:44:57,48,4.0
2025-01-07 12:44:58,39,3.0
2025-01-07 12:45:00,67,6.0
2025-01-07 12:45:01,45,4.0
2025-01-07 12:45:02,39,3.0
2025-01-07 12:45:03,59,5.0
2025-01-07 12:45:04,53,5.0
2025-01-07 12:45:06,39,3.0
2025-01-07 12:45:07,55,5.0
2025-01-07 12:45:08,43,4.0
2025-01-07 12:45:09,39,3.0
2025-01-07 12:45:10,58,5.0
2025-01-07 12:45:12,40,3.0
2025-01-07 12:45:13,62,6.0
2025-01-07 12:45:14,53,5.0
2025-01-07 12:45:15,52,5.0
2025-01-07 12:45:16,45,4.0
2025-01-07 12:45:17,38,3.0
2025-01-07 12:45:19,45,4.0
2025-01-07 12:45:20,58,5.0
2025-01-07 12:45:21,39,3.0
2025-01-07 12:45:22,40,3.0
2025-01-07 12:45:23,38,3.0
2025-01-07 12:45:25,53,5.0
2025-01-07 12:45:26,39,3.0
2025-01-07 12:45:27,38,3.0
2025-01-07 12:45:28,45,4.0
2025-01-07 12:45:29,41,4.0
2025-01-07 12:45:31,40,3.0
2025-01-07 12:45:32,63,6.0
2025-01-07 12:45:33,38,3.0
2025-01-07 12:45:34,57,5.0
2025-01-07 12:45:35,41,4.0
2025-01-07 12:45:36,65,6.0
2025-01-07 12:45:38,56,5.0
2025-01-07 12:45:39,40,3.0
2025-01-07 12:45:40,56,5.0
2025-01-07 12:45:41,39,3.0
2025-01-07 12:45:42,40,3.0
2025-01-07 12:45:44,66,6.0
2025-01-07 12:45:45,39,3.0
2025-01-07 12:45:46,51,4.0
2025-01-07 12:45:47,46,4.0
2025-01-07 12:45:48,39,3.0
2025-01-07 12:45:50,49,4.0
2025-01-07 12:45:51,39,3.0
2025-01-07 12:45:52,52,5.0
2025-01-07 12:45:53,45,4.0
2025-01-07 12:45:54,39,3.0
2025-01-07 12:45:55,45,4.0
2025-01-07 12:45:57,41,4.0
2025-01-07 12:45:58,48,4.0
2025-01-07 12:45:59,39,3.0
2025-01-07 12:46:00,50,4.0
2025-01-07 12:46:01,51,4.0
2025-01-07 12:46:03,38,3.0
2025-01-07 12:46:04,51,4.0
2025-01-07 12:46:05,42,4.0
2025-01-07 12:46:06,47,4.0
2025-01-07 12:46:07,46,4.0
2025-01-07 12:46:09,38,3.0
2025-01-07 12:46:10,64,6.0
2025-01-07 12:46:11,38,3.0
2025-01-07 12:46:12,40,3.0
2025-01-07 12:46:13,56,5.0
2025-01-07 12:46:14,40,3.0
2025-01-07 12:46:16,51,4.0
2025-01-07 12:46:17,39,3.0
2025-01-07 12:46:18,40,3.0
2025-01-07 12:46:19,53,5.0
2025-01-07 12:46:20,39,3.0
2025-01-07 12:46:22,52,5.0
2025-01-07 12:46:23,43,4.0
2025-01-07 12:46:24,54,5.0
2025-01-07 12:46:25,40,3.0
2025-01-07 12:46:26,48,4.0
2025-01-07 12:46:28,39,3.0
2025-01-07 12:46:29,39,3.0
2025-01-07 12:46:30,51,4.0
2025-01-07 12:46:31,38,3.0
2025-01-07 12:46:32,61,5.0
2025-01-07 12:46:33,40,3.0
2025-01-07 12:46:35,64,6.0
2025-01-07 12:46:36,40,3.0
2025-01-07 12:46:37,45,4.0
2025-01-07 12:46:38,61,5.0
2025-01-07 12:46:39,38,3.0
2025-01-07 12:46:41,52,5.0
2025-01-07 12:46:42,38,3.0
2025-01-07 12:46:43,55,5.0
2025-01-07 12:46:44,52,5.0
2025-01-07 12:46:45,41,4.0
2025-01-07 12:46:46,46,4.0
2025-01-07 12:46:48,41,4.0
2025-01-07 12:46:49,50,4.0
2025-01-07 12:46:50,39,3.0
2025-01-07 12:46:51,48,4.0
2025-01-07 12:46:52,44,4.0
2025-01-07 12:46:54,50,4.0
2025-01-07 12:46:55,39,3.0
2025-01-07 12:46:56,65,6.0
2025-01-07 12:46:57,38,3.0
2025-01-07 12:46:58,43,4.0
2025-01-07 12:47:00,55,5.0
2025-01-07 12:47:01,38,3.0
2025-01-07 12:47:02,53,5.0
2025-01-07 12:47:03,39,3.0
2025-01-07 12:47:04,51,4.0
2025-01-07 12:47:06,52,5.0
2025-01-07 12:47:07,39,3.0
2025-01-07 12:47:08,54,5.0
2025-01-07 12:47:09,42,4.0
2025-01-07 12:47:10,53,5.0
2025-01-07 12:47:11,39,3.0
2025-01-07 12:47:13,37,3.0
2025-01-07 12:47:14,48,4.0
2025-01-07 12:47:15,40,3.0
2025-01-07 12:47:16,55,5.0
2025-01-07 12:47:17,40,3.0
2025-01-07 12:47:19,52,5.0
2025-01-07 12:47:20,39,3.0
2025-01-07 12:47:21,39,3.0
2025-01-07 12:47:22,56,5.0
2025-01-07 12:47:23,40,3.0
2025-01-07 12:47:25,59,5.0
2025-01-07 12:47:26,54,5.0
2025-01-07 12:47:27,42,4.0
2025-01-07 12:47:28,58,5.0
2025-01-07 12:47:29,39,3.0
2025-01-07 12:47:30,49,4.0
2025-01-07 12:47:32,453,44.0
2025-01-07 12:47:33,37,3.0
2025-01-07 12:47:34,50,4.0
2025-01-07 12:47:35,39,3.0
2025-01-07 12:47:36,49,4.0
2025-01-07 12:47:38,37,3.0
2025-01-07 12:47:39,38,3.0
2025-01-07 12:47:40,39,3.0
2025-01-07 12:47:41,56,5.0
2025-01-07 12:47:42,42,4.0
2025-01-07 12:47:44,56,5.0
2025-01-07 12:47:45,41,4.0
2025-01-07 12:47:46,39,3.0
2025-01-07 12:47:47,56,5.0
2025-01-07 12:47:48,40,3.0
2025-01-07 12:47:50,39,3.0
2025-01-07 12:47:51,49,4.0
2025-01-07 12:47:52,41,4.0
2025-01-07 12:47:53,48,4.0
2025-01-07 12:47:54,49,4.0
2025-01-07 12:47:55,39,3.0
2025-01-07 12:47:57,53,5.0
2025-01-07 12:47:58,39,3.0
2025-01-07 12:47:59,56,5.0
2025-01-07 12:48:00,39,3.0
2025-01-07 12:48:01,40,3.0
2025-01-07 12:48:03,51,4.0
2025-01-07 12:48:04,39,3.0
2025-01-07 12:48:05,55,5.0
2025-01-07 12:48:06,38,3.0
2025-01-07 12:48:07,50,4.0
2025-01-07 12:48:08,40,3.0
2025-01-07 12:48:10,40,3.0
2025-01-07 12:48:11,55,5.0
2025-01-07 12:48:12,40,3.0
2025-01-07 12:48:13,64,6.0
2025-01-07 12:48:14,39,3.0
2025-01-07 12:48:16,39,3.0
2025-01-07 12:48:17,52,5.0
2025-01-07 12:48:18,40,3.0
2025-01-07 12:48:19,39,3.0
2025-01-07 12:48:20,57,5.0
