ARIMA,Random Forest,XGBoost,SVM
9.651495149555867,8.775000000000006,10.491290092468262,10.636716072873096
8.71279239042537,9.666000000000016,10.491290092468262,10.636923864789704
9.101359290644991,11.051000000000018,10.491290092468262,10.63713170857979
9.667053259678372,10.518000000000018,10.491290092468262,10.6373396042263
10.248575575636773,12.503000000000004,10.491290092468262,10.637547551712153
10.162160894447046,10.316999999999991,10.491290092468262,10.637755551020296
9.601051090514126,10.725000000000012,10.491290092468262,10.637963602133544
9.580235420356265,8.695000000000014,10.491290092468262,10.638171705035084
9.723321092393983,8.451000000000013,10.491290092468262,10.638379859707642
9.828254670455395,11.88800000000002,10.491290092468262,10.638588066133941
9.856228029011112,9.196000000000003,10.491290092468262,10.638796324297136
9.794702391943323,12.781999999999984,10.491290092468262,10.639004634180022
9.731496250196743,13.96399999999998,10.491290092468262,10.639212995765229
9.75159890632924,14.094000000000005,10.491290092468262,10.639421409035892
9.780298789187682,13.303000000000022,10.491290092468262,10.639629873974657
9.79028272018531,14.810000000000024,10.491290092468262,10.639838390564666
9.784263980311794,15.305,10.491290092468262,10.640046958788453
9.772492795648732,14.363999999999999,10.491290092468262,10.640255578628869
9.768392458813922,11.93199999999999,10.491290092468262,10.640464250068552
9.774386726274566,8.559000000000001,10.491290092468262,10.640672973090576
9.778279875474295,7.774999999999993,10.491290092468262,10.640881747678081
9.778040061378807,6.794999999999988,10.491290092468262,10.641090573812749
9.77602729111607,10.275000000000011,10.491290092468262,10.641299451478414
9.77463898168732,11.774000000000019,10.491290092468262,10.641508380657129
9.774938253421217,13.332999999999991,10.491290092468262,10.64171736133209
9.776026095619255,8.859999999999989,10.491290092468262,10.641926393485912
9.7763226292954,6.536000000000001,10.491290092468262,10.642135477100927
9.77600874539987,6.994000000000011,10.491290092468262,10.642344612160375
9.775668006205615,9.726000000000004,10.491290092468262,10.642553798646873
9.775601132847548,12.059000000000001,10.491290092468262,10.642763036542796
9.651495149555867,12.059000000000001,10.491290092468262,10.642972325831138
8.71279239042537,12.059000000000001,10.491290092468262,10.643181666494314
9.101359290644991,12.059000000000001,10.491290092468262,10.643391058515387
9.667053259678372,12.059000000000001,10.491290092468262,10.643600501876456
10.248575575636773,12.059000000000001,10.491290092468262,10.643809996560787
10.162160894447046,12.059000000000001,10.491290092468262,10.64401954255047
9.601051090514126,12.059000000000001,10.491290092468262,10.644229139828614
9.580235420356265,12.059000000000001,10.491290092468262,10.644438788377403
9.723321092393983,12.059000000000001,10.491290092468262,10.644648488179536
9.828254670455395,12.059000000000001,10.491290092468262,10.64485823921778
9.856228029011112,12.059000000000001,10.491290092468262,10.645068041474788
9.794702391943323,12.059000000000001,10.491290092468262,10.645277894932851
9.731496250196743,12.059000000000001,10.491290092468262,10.64548779957466
9.75159890632924,12.059000000000001,10.491290092468262,10.645697755382944
9.780298789187682,12.059000000000001,10.491290092468262,10.645907762340105
9.79028272018531,12.059000000000001,10.491290092468262,10.646117820428541
9.784263980311794,12.059000000000001,10.491290092468262,10.646327929630825
9.772492795648732,12.059000000000001,10.491290092468262,10.646538089929768
9.768392458813922,12.059000000000001,10.491290092468262,10.64674830130762
9.774386726274566,12.059000000000001,10.491290092468262,10.646958563747038
